[
  {
    "name": "theme_info",
    "theme_name": "Cast & Grey Botanical",
    "theme_version": "1.0.0",
    "theme_author": "Cast & Grey",
    "theme_documentation_url": "",
    "theme_support_url": ""
  },
  {
    "name": "Colors",
    "settings": [
      {
        "type": "header",
        "content": "Brand Colors"
      },
      {
        "type": "color",
        "id": "color_primary",
        "label": "Primary Color",
        "default": "#459361"
      },
      {
        "type": "color",
        "id": "color_secondary",
        "label": "Secondary Color",
        "default": "#FFFEF6"
      },
      {
        "type": "color",
        "id": "color_accent",
        "label": "Accent Color",
        "default": "#111111"
      }
    ]
  },
  {
    "name": "Typography",
    "settings": [
      {
        "type": "header",
        "content": "Font Settings"
      },
      {
        "type": "font_picker",
        "id": "heading_font",
        "label": "Heading Font",
        "default": "petrona_n4"
      },
      {
        "type": "font_picker",
        "id": "body_font",
        "label": "Body Font",
        "default": "archivo_n4"
      }
    ]
  }
]
